{"results": [], "RR_L": [[-0.21875, -0.109375, 0.078125, 0.1640625, 0.0703125, 0.015625, 0.17578125, 0.20703125, 0.455078125]], "P_list": [0.2069001817114442, 0.31293264340693117, 0.5424244999229229, 0.6957355563314742], "E_list": [1.0019897236399604, 1.0033941999740066, 1.0018726909216558, 1.0047987181652485], "F_list": [[98210938, 0.17484259581133196], [149036792, 0.2653266541927698], [248058319, 0.4416123223113443], [316528471, 0.5635081045436294]], "C_list": [[[21, 28, 66, 60, 52, 126, 120, 130, 357, 251, 348, 522]], [[22, 33, 69, 66, 67, 183, 151, 160, 486, 327, 415, 600]], [[28, 40, 93, 85, 75, 279, 183, 189, 576, 376, 456, 1023]], [[32, 46, 111, 89, 89, 315, 212, 215, 597, 413, 470, 1287]]], "last_lam_idx": 4, "last_repeat": 0, "RL_exist": 1, "Cri_exist": 0}