{"results": [], "RR_L": [[-0.25, -0.0625, 0.046875, 0.03125, 0.03125, 0.171875, 0.171875, 0.39453125, 0.48046875, 0.73046875, 0.84375, 0.91015625, 0.94140625]], "P_list": [0.2107555038404076, 0.48194632715803276, 0.531795660849697, 0.6676830530838275], "E_list": [1.0053153740442768, 1.0056697492110305, 1.0067328113470346, 1.008740824644404], "F_list": [[64941636, 0.2070035248490793], [112164776, 0.35752878162643476], [150255356, 0.4789437136978387], [180417552, 0.5750866702625425]], "C_list": [[[18, 24, 56, 63, 115, 123, 110, 251, 283, 269, 156, 149, 229]], [[21, 29, 66, 83, 139, 150, 167, 308, 342, 363, 348, 357, 458]], [[27, 35, 80, 94, 154, 208, 162, 357, 408, 475, 327, 359, 263]], [[34, 34, 78, 100, 175, 223, 193, 412, 452, 477, 406, 411, 316]]], "last_lam_idx": 4, "last_repeat": 0, "RL_exist": 1, "Cri_exist": 0}