{"results": [], "RR_L": [[-0.375, -0.15625, 0.046875, 0.1875, 0.3359375, 0.25390625, 0.34765625, 0.341796875, 0.380859375]], "P_list": [0.236058457911957, 0.3310878164916482, 0.4642527537097398, 0.6786920235002761], "E_list": [1.003043080890495, 1.0051498163201624, 1.0036282863392136, 1.003745339986116], "F_list": [[104405975, 0.185871472760122], [156862676, 0.2792588892466532], [221015171, 0.39346804946843517], [318687080, 0.5673510247782545]], "C_list": [[[19, 23, 48, 60, 69, 150, 136, 153, 336, 295, 355, 567]], [[24, 31, 75, 69, 87, 180, 175, 182, 384, 359, 422, 660]], [[28, 32, 84, 76, 102, 240, 197, 201, 498, 402, 463, 819]], [[31, 40, 102, 83, 114, 297, 222, 220, 672, 441, 477, 1128]]], "last_lam_idx": 4, "last_repeat": 0, "RL_exist": 1, "Cri_exist": 0}