{"results": [], "RR_L": [[-0.25, 0.0625, 0.0625, -0.0625, 0.0625, 0.125, 0.15625, 0.03125, 0.0625, 0.0625, 0.125, 0.078125, 0.015625, 0.234375, 0.15625, 0.390625]], "P_list": [0.23534392033385704, 0.26843597751137616, 0.33880616529524354, 0.40473307083745047], "E_list": [1.0002350558276507, 0.9995298463103949, 1.000352562724324, 1.0009402653449064], "F_list": [[14860439, 0.21416923412346667], [16151706, 0.23277902515581145], [19688105, 0.283745747295379], [24962668, 0.3597629576917862]], "C_list": [[[4, 6, 6, 7, 8, 42, 15, 14, 13, 16, 16, 96, 28, 33, 30, 39, 38, 174]], [[4, 7, 6, 7, 9, 42, 16, 16, 13, 18, 17, 90, 33, 38, 37, 42, 42, 180]], [[6, 8, 6, 8, 11, 42, 18, 17, 14, 18, 17, 102, 35, 42, 41, 47, 46, 210]], [[7, 8, 9, 11, 11, 48, 19, 19, 19, 21, 18, 120, 41, 45, 45, 53, 53, 216]]], "last_lam_idx": 4, "last_repeat": 0, "RL_exist": 1, "Cri_exist": 0}