{"results": [], "RR_L": [[-0.375, -0.125, -0.1875, 0.0, 0.0, 0.125, 0.125, 0.125, 0.15625, 0.21875, 0.1875, 0.046875, 0.09375, 0.265625, 0.25, 0.40625]], "P_list": [0.23735443588748828, 0.23799317110601934, 0.451287865959914, 0.45262749519341033], "E_list": [0.9960037356726601, 0.9984719900002073, 1.001175321172557, 1.0038786733620588], "F_list": [[14440447, 0.20811629282220478], [14988476, 0.21601450842723835], [25258933, 0.36403274057959917], [27521519, 0.3966412194245699]], "C_list": [[[6, 5, 7, 8, 9, 30, 20, 20, 20, 20, 19, 78, 42, 48, 43, 48, 52, 126]], [[6, 5, 8, 8, 9, 30, 21, 20, 21, 21, 19, 84, 43, 49, 43, 49, 53, 120]], [[6, 5, 8, 10, 9, 36, 22, 20, 22, 24, 20, 132, 44, 49, 45, 52, 54, 234]], [[9, 5, 8, 10, 10, 48, 22, 20, 23, 26, 20, 132, 45, 50, 47, 54, 56, 222]]], "last_lam_idx": 4, "last_repeat": 0, "RL_exist": 1, "Cri_exist": 0}