{"results": [], "RR_L": [[0.0, 0.0, -0.25, -0.125, 0.0625, -0.125, 0.0625, 0.0625, 0.1875, 0.0625, 0.03125, 0.09375, 0.0625, 0.03125, 0.125, 0.0625, 0.125, 0.0, -0.03125, 0.09375, 0.15625, 0.1875, 0.234375, 0.140625, 0.203125, 0.15625, 0.265625, 0.515625]], "P_list": [0.1516566524409602, 0.23860410792168402, 0.2681231322170664, 0.3355958571681277], "E_list": [0.9917811305722337, 1.0023482214144348, 0.9995303431201471, 1.0028178782942876], "F_list": [[17056054, 0.1353552639063761], [24877969, 0.1974292564651615], [28915412, 0.22947002995074914], [33471523, 0.26562690461775845]], "C_list": [[[3, 5, 7, 6, 7, 7, 6, 9, 7, 30, 13, 14, 14, 11, 13, 17, 17, 13, 11, 140, 33, 30, 29, 34, 33, 35, 32, 36, 38, 180]], [[4, 5, 7, 8, 7, 7, 7, 9, 8, 40, 16, 17, 18, 12, 14, 17, 18, 13, 15, 160, 34, 33, 34, 39, 38, 38, 37, 38, 44, 270]], [[5, 6, 7, 8, 7, 8, 7, 9, 9, 60, 19, 18, 18, 14, 15, 19, 19, 16, 17, 140, 37, 41, 37, 46, 41, 41, 40, 41, 48, 280]], [[5, 6, 8, 9, 7, 8, 7, 11, 9, 60, 21, 20, 18, 14, 17, 19, 21, 18, 17, 140, 40, 47, 44, 49, 46, 49, 45, 42, 49, 330]]], "last_lam_idx": 4, "last_repeat": 0, "RL_exist": 1, "Cri_exist": 0}