{"results": [], "RR_L": [[0.125, 0.0, -0.0625, -0.25, -0.125, -0.0625, 0.0625, 0.125, 0.1875, 0.1875, 0.0625, 0.09375, 0.09375, 0.03125, 0.0625, 0.0, 0.09375, 0.09375, 0.09375, 0.09375, 0.0625, 0.15625, 0.234375, 0.171875, 0.078125, 0.15625, 0.265625, 0.53125]], "P_list": [0.1978974226206305, 0.24108882299948806, 0.25239597525359675, 0.29440534945918495], "E_list": [1.0009392927647625, 1.0021133929745083, 1.0003522111674747, 0.99800398975304], "F_list": [[22456331, 0.17821136171789412], [26127127, 0.2073424585898007], [28084436, 0.22287548142388208], [33345882, 0.2646298292853011]], "C_list": [[[5, 6, 5, 5, 7, 8, 7, 8, 8, 60, 15, 14, 13, 12, 15, 12, 15, 14, 13, 130, 33, 31, 29, 35, 36, 37, 32, 36, 36, 250]], [[6, 6, 5, 5, 7, 8, 7, 8, 8, 60, 16, 14, 15, 12, 15, 13, 15, 17, 14, 150, 33, 33, 30, 39, 39, 38, 33, 36, 41, 290]], [[6, 6, 5, 5, 7, 8, 8, 8, 8, 60, 18, 14, 15, 12, 16, 13, 16, 18, 16, 170, 38, 35, 31, 42, 39, 39, 36, 37, 42, 280]], [[6, 6, 5, 7, 7, 8, 12, 8, 10, 70, 18, 16, 15, 13, 16, 14, 18, 19, 16, 180, 41, 40, 35, 43, 42, 43, 39, 41, 47, 300]]], "last_lam_idx": 4, "last_repeat": 0, "RL_exist": 1, "Cri_exist": 0}