{"results": [], "RR_L": [[-0.3125, -0.09375, 0.15625, 0.15625, 0.171875, 0.3515625, 0.390625, 0.44921875, 0.54296875, 0.64453125, 0.75390625, 0.83984375, 0.92578125]], "P_list": [0.32175964072410396, 0.536060454220445, 0.6695222222550364, 0.7865948167377258], "E_list": [1.0081502275283734, 1.006614700372396, 1.0048428879028848, 1.0056697280896116], "F_list": [[120552176, 0.3842638851941855], [175672476, 0.5599615899877436], [204391984, 0.651505932787043], [232342852, 0.7406002112033019]], "C_list": [[[15, 36, 93, 92, 168, 177, 175, 326, 316, 330, 215, 191, 203]], [[17, 40, 101, 107, 202, 205, 208, 417, 409, 429, 307, 320, 250]], [[20, 41, 102, 115, 223, 226, 219, 429, 442, 466, 391, 401, 291]], [[23, 43, 109, 122, 231, 238, 231, 464, 472, 498, 447, 437, 336]]], "last_lam_idx": 4, "last_repeat": 0, "RL_exist": 1, "Cri_exist": 0}