{"results": [], "RR_L": [[-0.125, 0.0625, 0.0625, 0.125, 0.25, 0.25, 0.09375, 0.21875, 0.21875, 0.125, 0.0, 0.1875, 0.0625, 0.140625, 0.078125, 0.28125]], "P_list": [0.4812548982659603, 0.572333737328748, 0.5709354563792018, 0.6180637342024231], "E_list": [0.9927879236843274, 0.9962324818060408, 0.9968783377905288, 0.9983853493454461], "F_list": [[30934594, 0.4458277126742116], [35613010, 0.513252793611703], [36925418, 0.5321671474492008], [39234750, 0.5654491166053294]], "C_list": [[[7, 11, 9, 10, 13, 54, 22, 27, 25, 23, 21, 132, 47, 46, 44, 48, 36, 270]], [[7, 11, 11, 11, 13, 60, 23, 27, 25, 23, 22, 138, 51, 49, 45, 48, 38, 318]], [[9, 11, 12, 11, 13, 60, 25, 28, 26, 25, 22, 144, 53, 51, 47, 51, 40, 294]], [[9, 12, 13, 11, 13, 60, 26, 28, 28, 27, 24, 144, 54, 56, 50, 54, 40, 306]]], "last_lam_idx": 4, "last_repeat": 0, "RL_exist": 1, "Cri_exist": 0}