{"results": [], "RR_L": [[0.03125, -0.03125, 0.296875, 0.2421875, 0.1953125, 0.15625, 0.1015625, 0.146484375, 0.591796875]], "P_list": [0.21097767067728945, 0.3448167909478093, 0.5083822068993015, 0.570894501373188], "E_list": [0.9966098160812437, 0.9995055994940815, 1.0021542037030278, 1.0023660836201163], "F_list": [[132506468, 0.23589660660442366], [199343756, 0.35488468070992746], [269001286, 0.4788935325000592], [321009422, 0.5714817886312344]], "C_list": [[[22, 39, 102, 69, 66, 180, 126, 118, 378, 224, 281, 606]], [[25, 44, 120, 78, 83, 231, 156, 152, 462, 269, 367, 810]], [[26, 51, 126, 89, 91, 288, 191, 175, 528, 336, 420, 1053]], [[34, 53, 141, 94, 101, 321, 210, 189, 588, 382, 463, 1017]]], "last_lam_idx": 4, "last_repeat": 0, "RL_exist": 1, "Cri_exist": 0}