{"results": [], "RR_L": [[-0.125, -0.0625, -0.1875, 0.0625, 0.1875, 0.1875, 0.5, 0.5, 0.4375, 0.4375, 0.25, 0.21875, 0.28125, 0.1875, 0.15625, 0.21875, 0.1875, 0.3125, 0.0, 0.09375, 0.109375, 0.0625, 0.140625, 0.125, 0.109375, 0.15625, 0.15625, 0.515625]], "P_list": [0.4440212440608191, 0.4638450532389465, 0.5292948854548903, 0.6431655805000503], "E_list": [0.9936199276671188, 0.9930139810881442, 0.9961862246643075, 1.0001069467456194], "F_list": [[51460688, 0.4083857990173223], [54241990, 0.43045787546485204], [63426148, 0.5033422431035306], [72987892, 0.5792230875928054]], "C_list": [[[10, 8, 9, 13, 10, 11, 14, 14, 12, 70, 24, 23, 24, 26, 21, 24, 23, 24, 22, 210, 43, 44, 41, 38, 47, 52, 56, 43, 45, 400]], [[10, 9, 10, 13, 11, 11, 14, 14, 13, 80, 24, 24, 25, 27, 23, 26, 26, 24, 23, 190, 45, 47, 49, 42, 51, 57, 58, 49, 48, 390]], [[10, 9, 10, 13, 11, 11, 14, 15, 13, 90, 24, 26, 26, 27, 25, 27, 27, 24, 24, 230, 47, 47, 50, 45, 51, 59, 60, 51, 50, 420]], [[10, 9, 10, 13, 11, 12, 14, 15, 13, 90, 24, 27, 27, 27, 26, 28, 29, 26, 26, 260, 50, 52, 52, 48, 52, 60, 60, 52, 52, 500]]], "last_lam_idx": 4, "last_repeat": 0, "RL_exist": 1, "Cri_exist": 0}