{"results": [], "RR_L": [[0.125, 0.1875, 0.265625, 0.265625, 0.125, 0.125, 0.1484375, 0.14453125, 0.2734375, 0.44921875, 0.9609375, 0.6171875, 0.90625]], "P_list": [0.22846725778638094, 0.3692149928619729, 0.5341196251718894, 0.667757546697027], "E_list": [0.9903402346006086, 0.995778350814889, 0.99821117824977, 1.0001788928373687], "F_list": [[73560432, 0.23447353185496111], [115660020, 0.36866577107398496], [164275816, 0.523628392719006], [188973436, 0.6023519405879435]], "C_list": [[[27, 33, 78, 62, 135, 123, 120, 207, 225, 242, 254, 229, 222]], [[31, 38, 98, 84, 147, 159, 160, 273, 266, 347, 341, 305, 249]], [[34, 42, 115, 97, 178, 188, 201, 338, 341, 410, 419, 356, 302]], [[36, 50, 115, 95, 184, 201, 204, 338, 402, 475, 486, 399, 365]]], "last_lam_idx": 4, "last_repeat": 0, "RL_exist": 1, "Cri_exist": 0}